TTT,383
TGT,367
TAA,342
TGA,304
AAA,303
TAT,278
AGA,277
TGC,268
TGG,263
AAT,260
ACA,249
CAA,233
GTT,233
TTA,232
TAC,227
ACT,220
AAC,212
TTC,210
ATT,208
CTT,208
AGT,197
TCT,190
GAA,186
TTG,178
TCA,173
CAT,172
GCT,169
GAT,167
CAC,160
ACC,150
GGT,149
AGC,141
TAG,128
AGG,123
GAC,123
GTA,121
ATG,117
GCA,116
ATA,116
CCA,115
ATC,112
GGA,112
CTA,110
AAG,110
CCT,107
GTC,101
GTG,93
CAG,92
GAG,84
GGC,84
CTG,80
CTC,78
TCC,75
GCC,68
ACG,60
CGT,54
GGG,49
CCC,42
CGC,40
TCG,34
CGG,33
CGA,31
CCG,28
GCG,22
