GTT,575
AAA,541
GCT,524
AAT,520
GGT,509
TTT,507
GAA,495
ACT,478
GAT,460
ACA,436
CTT,400
TAT,386
TTA,370
ATT,370
CAA,351
TGT,342
TCT,314
ATG,312
AAG,297
CCT,277
TCA,266
GCA,263
GAC,262
TAC,257
GTA,255
TTG,252
AAC,245
AGT,234
ATA,225
CCA,220
AGA,211
TTC,201
GAG,186
CAT,184
GTG,169
CAG,165
GGA,163
TGG,157
GTC,153
CTA,147
GGC,145
GCC,142
ATC,133
CTC,131
CGT,119
ACC,101
TGC,92
CAC,80
TCC,72
AGG,67
CTG,65
AGC,52
ACG,48
CGC,46
CCC,40
GCG,38
CGA,24
GGG,23
CCG,21
TCG,17
CGG,14
TAA,10
TGA,1
TAG,1
