GTT,233
AAA,303
GCT,169
AAT,260
GGT,149
TTT,383
GAA,186
ACT,220
GAT,167
ACA,249
CTT,208
TAT,278
TTA,232
ATT,208
CAA,233
TGT,367
TCT,190
ATG,117
AAG,110
CCT,107
TCA,173
GCA,116
GAC,123
TAC,227
GTA,121
TTG,178
AAC,212
AGT,197
ATA,116
CCA,115
AGA,277
TTC,210
GAG,84
CAT,172
GTG,93
CAG,92
GGA,112
TGG,263
GTC,101
CTA,110
GGC,84
GCC,68
ATC,112
CTC,78
CGT,54
ACC,150
TGC,268
CAC,160
TCC,75
AGG,123
CTG,80
AGC,141
ACG,60
CGC,40
CCC,42
GCG,22
CGA,31
GGG,49
CCG,28
TCG,34
CGG,33
TAA,342
TGA,304
TAG,128
